lga_code,lga_name,year,homeless_f_0_9,at_risk_f_0_9,homeless_m_0_9,at_risk_m_0_9,homeless_f_10_19,at_risk_f_10_19,homeless_m_10_19,at_risk_m_10_19,homeless_f_20_29,at_risk_f_20_29,homeless_m_20_29,at_risk_m_20_29,homeless_f_30_39,at_risk_f_30_39,homeless_m_30_39,at_risk_m_30_39,homeless_f_40_49,at_risk_f_40_49,homeless_m_40_49,at_risk_m_40_49,homeless_f_50_59,at_risk_f_50_59,homeless_m_50_59,at_risk_m_50_59,homeless_f_60_plus,at_risk_f_60_plus,homeless_m_60_plus,at_risk_m_60_plus,unknown_f,unknown_m
10050,Albury,2016,17,16,11,23,48,23,25,17,59,45,48,21,42,35,44,26,27,47,46,25,10,19,13,15,0,14,10,4,9,4
10130,Armidale Regional,2016,11,31,10,35,31,42,24,38,42,39,28,16,19,32,12,13,17,29,13,14,8,9,9,13,3,5,0,6,2,6
10250,Ballina,2016,35,64,28,66,31,52,25,35,35,48,16,14,24,37,16,13,27,39,31,14,10,15,7,13,5,10,6,3,4,3
10300,Balranald,2016,0,0,0,0,0,0,0,0,0,6,0,0,0,0,0,0,0,0,0,0,0,0,0,0,0,0,0,0,9,8
10470,Bathurst Regional,2016,55,59,54,51,74,67,49,33,56,47,51,23,26,36,36,20,26,32,29,22,9,12,12,12,3,13,6,12,0,2
10500,Bayside,2016,16,36,19,50,23,101,21,62,20,35,11,20,17,61,10,17,16,80,11,17,7,20,16,15,0,12,3,11,5,0
10550,Bega Valley,2016,13,8,17,18,29,35,16,21,21,26,17,10,17,21,10,4,13,9,17,8,4,10,8,5,0,5,6,3,4,5
10600,Bellingen,2016,7,0,0,0,5,9,3,0,0,0,0,0,0,6,0,0,0,4,6,0,3,0,0,0,0,0,0,0,10,12
10650,Berrigan,2016,4,0,0,0,4,6,3,4,0,3,0,0,4,7,0,0,0,7,4,0,0,3,0,0,0,0,0,0,9,12
10750,Blacktown,2016,96,106,125,91,163,212,89,226,201,206,86,69,84,205,34,36,50,150,31,51,18,48,18,30,10,25,6,25,4,6
10800,Bland,2016,0,3,0,3,0,0,0,4,0,0,0,0,0,0,0,0,0,0,0,0,0,0,0,0,0,0,0,0,11,7
10850,Blayney,2016,0,3,0,0,0,0,0,0,4,4,0,0,0,4,0,0,0,3,0,0,0,0,0,0,0,0,0,0,12,17
10900,Blue Mountains,2016,4,18,7,19,23,65,20,43,19,34,12,20,15,49,10,5,16,48,13,13,5,24,9,9,3,16,0,11,6,2
10950,Bogan,2016,0,0,0,0,0,0,0,0,3,0,0,0,3,0,0,0,0,0,0,0,0,0,0,0,0,0,0,0,12,15
11150,Bourke,2016,13,21,12,31,15,11,7,11,9,18,6,6,10,16,5,4,8,15,8,5,0,10,0,3,0,0,0,6,8,5
11200,Brewarrina,2016,10,12,11,19,13,7,4,8,6,16,0,5,3,6,0,4,0,3,6,7,0,4,0,0,0,0,0,3,3,2
11250,Broken Hill,2016,10,11,11,14,40,22,33,8,31,22,27,7,16,10,18,4,9,7,18,5,3,3,4,0,0,0,4,0,8,5
11300,Burwood,2016,8,3,14,0,8,10,11,0,14,7,13,0,10,8,4,0,7,6,12,0,5,3,11,0,5,0,4,0,6,10
11350,Byron,2016,3,6,4,6,12,10,17,12,10,7,12,7,19,19,20,6,12,23,18,3,8,11,19,6,5,10,9,6,4,4
11400,Cabonne,2016,3,0,0,0,7,5,3,0,0,0,0,4,0,5,3,0,0,3,0,0,0,0,0,0,0,0,0,0,13,15
11450,Camden,2016,10,16,6,18,12,23,10,14,7,10,4,6,6,14,4,0,0,12,0,0,0,0,0,0,0,0,0,0,11,16
11500,Campbelltown,2016,94,119,101,134,115,219,81,163,100,128,76,47,67,129,58,31,35,74,53,28,16,39,17,14,0,14,9,10,4,0
11520,Canada Bay,2016,3,15,3,6,9,23,8,17,6,15,8,7,4,15,3,3,4,13,3,5,6,6,0,3,3,6,0,0,2,4
11570,Canterbury-Bankstown,2016,96,174,100,174,88,190,65,123,92,138,31,66,79,148,32,44,41,97,30,43,11,41,22,42,13,24,11,44,2,2
11600,Carrathool,2016,0,0,0,0,0,3,0,0,3,0,0,0,0,4,0,0,0,4,0,0,0,0,0,0,0,0,0,0,11,12
11650,Central Coast,2016,144,143,104,137,140,192,117,127,150,162,77,49,118,154,75,47,84,126,87,64,41,67,46,34,11,32,22,24,1,2
11700,Central Darling,2016,0,9,0,7,4,10,0,4,3,7,0,0,0,4,0,0,0,0,0,0,0,4,0,0,0,0,0,0,7,10
11720,Cessnock,2016,3,14,0,9,19,38,16,26,39,47,15,6,25,35,9,9,15,32,7,4,7,6,4,0,0,0,0,0,6,2
11730,Clarence Valley,2016,55,48,56,84,76,57,53,47,62,67,37,15,42,71,38,17,37,58,28,11,18,23,17,15,8,11,13,9,1,5
11750,Cobar,2016,0,0,0,6,3,7,4,4,0,17,6,4,4,0,4,3,0,8,0,0,0,6,0,0,0,0,0,3,10,5
11800,Coffs Harbour,2016,63,90,58,74,90,110,81,83,82,122,59,63,59,82,48,38,41,85,37,36,20,44,26,20,7,24,5,14,2,4
12000,Coolamon,2016,0,0,0,0,3,0,0,0,0,0,0,0,0,0,0,0,0,0,0,0,0,0,0,0,0,0,0,0,10,5
12150,Coonamble,2016,0,11,10,11,6,11,0,6,7,12,7,5,0,9,3,0,3,5,0,3,0,0,0,3,0,0,0,0,6,6
12160,Cootamundra-Gundagai Regional,2016,0,0,0,0,4,4,3,3,0,4,0,0,4,5,0,0,0,4,0,0,0,0,0,0,0,0,0,0,8,10
12350,Cowra,2016,12,5,9,0,8,4,17,0,5,7,0,0,7,0,3,0,0,0,0,0,0,0,0,0,0,0,0,0,13,16
12380,Cumberland,2016,65,47,46,56,42,62,48,35,66,59,32,26,43,79,21,25,27,42,20,22,8,37,11,15,9,13,6,12,4,1
12390,Dubbo Regional,2016,55,50,59,54,105,81,73,57,100,67,62,26,41,54,41,27,23,32,28,32,6,12,8,9,7,6,7,3,1,1
12700,Dungog,2016,3,0,0,0,0,0,4,0,4,0,0,0,0,10,0,0,0,5,0,0,0,3,0,0,0,0,0,0,10,7
12730,Edward River,2016,4,9,7,0,7,10,8,11,12,13,13,6,5,11,15,7,4,15,5,6,3,5,5,0,0,0,0,0,4,5
12750,Eurobodalla,2016,16,16,19,32,34,58,25,35,38,41,23,21,30,49,27,20,21,53,16,24,15,24,31,15,0,7,3,18,3,2
12850,Fairfield,2016,43,71,57,81,42,116,38,82,44,60,11,18,39,72,16,15,21,52,25,32,6,18,9,15,6,11,7,11,1,0
12870,Federation,2016,0,0,0,0,4,0,4,0,0,6,0,0,0,6,0,3,0,4,0,4,0,3,0,0,0,0,0,0,10,11
12900,Forbes,2016,10,5,10,7,8,8,8,5,6,5,5,0,4,4,3,0,6,6,0,3,0,0,6,0,0,3,0,7,6,9
12930,Georges River,2016,12,33,21,46,25,91,11,53,13,42,16,18,16,49,8,9,19,51,5,15,10,18,14,11,3,10,0,12,2,5
12950,Gilgandra,2016,3,0,4,0,3,0,0,0,0,0,0,0,0,0,0,0,0,0,0,0,0,0,0,0,0,0,0,0,13,10
13010,Glen Innes Severn,2016,8,8,0,14,28,20,15,18,6,16,8,7,7,21,6,8,6,13,4,7,0,9,4,11,0,4,0,3,6,7
13310,Goulburn Mulwaree,2016,27,41,27,47,33,46,27,27,30,33,15,25,25,34,25,8,11,17,25,22,11,10,7,10,5,9,0,3,0,2
13340,Greater Hume Shire,2016,0,0,3,0,4,3,3,0,0,0,0,0,0,0,3,0,3,0,3,0,0,0,0,0,0,0,0,0,11,7
13450,Griffith,2016,12,113,23,115,23,79,27,71,26,68,26,21,17,66,14,27,17,18,17,22,5,15,3,9,0,19,3,7,2,0
13550,Gunnedah,2016,5,29,6,32,9,18,6,20,17,21,6,5,8,31,6,10,6,16,4,6,0,12,5,7,0,8,0,0,4,2
13660,Gwydir,2016,0,6,0,3,3,85,0,44,0,8,0,0,0,6,0,0,0,9,0,0,0,3,0,0,0,8,0,3,6,11
13800,Hawkesbury,2016,11,10,28,10,34,49,24,43,22,50,18,12,19,61,16,12,22,43,16,5,6,13,8,6,4,5,4,8,5,2
13850,Hay,2016,0,5,0,8,0,0,0,0,0,9,0,0,0,4,0,0,0,3,0,0,3,6,0,0,0,0,0,0,5,15
13910,Hilltops,2016,0,11,0,25,9,7,21,9,5,15,8,3,8,8,11,4,6,12,3,3,4,5,0,0,0,0,0,0,3,7
14000,Hornsby,2016,6,19,11,11,22,61,22,40,22,14,5,7,17,21,8,8,13,48,9,11,6,17,7,5,6,22,5,15,1,1
14100,Hunters Hill,2016,0,0,0,0,0,0,0,0,0,0,0,0,0,0,0,0,0,0,0,0,0,0,0,0,0,0,0,0,11,13
14170,Inner West,2016,36,57,47,61,61,101,48,53,83,111,41,47,42,99,35,36,52,68,59,27,31,27,41,26,6,20,31,11,4,3
14200,Inverell,2016,26,50,18,79,22,168,20,162,33,49,13,25,13,41,6,17,7,31,9,20,0,24,3,12,5,17,3,12,6,4
14300,Junee,2016,0,0,0,0,0,5,0,0,0,0,0,5,4,3,12,7,0,0,6,11,0,0,3,4,0,0,0,3,11,9
14350,Kempsey,2016,49,118,49,91,69,81,43,62,62,80,41,37,42,71,26,35,21,43,32,25,17,30,20,20,4,7,5,8,5,3
14400,Kiama,2016,3,0,0,0,4,0,5,3,0,5,0,0,0,3,0,0,3,0,0,0,0,0,0,0,0,0,0,0,8,6
14500,Ku-ring-gai,2016,0,0,0,4,8,28,11,21,0,3,0,0,0,12,0,0,3,11,0,3,0,12,0,6,0,4,4,4,11,9
14550,Kyogle,2016,0,9,3,10,5,3,3,0,0,6,0,0,4,7,0,0,0,3,0,0,3,0,0,0,0,0,0,0,12,13
14600,Lachlan,2016,4,6,4,7,4,5,0,3,4,7,0,0,4,6,0,5,3,4,3,0,0,0,0,0,0,0,0,0,2,6
14650,Lake Macquarie,2016,33,36,47,33,60,83,59,61,82,69,26,21,66,68,25,6,38,42,26,7,15,25,12,0,4,9,0,0,2,3
14700,Lane Cove,2016,3,3,0,0,0,5,0,6,0,3,0,0,3,11,0,0,0,5,0,0,0,3,0,0,0,6,0,0,3,12
14750,Leeton,2016,10,35,18,30,17,46,0,22,6,18,10,10,5,19,4,9,3,14,0,7,0,9,0,0,0,5,0,0,4,12
14850,Lismore,2016,42,79,57,100,57,75,47,74,63,60,34,26,44,52,27,21,31,43,34,18,17,31,13,14,9,5,12,11,4,0
14870,Lithgow,2016,6,5,11,8,28,29,23,10,25,18,20,6,15,24,11,5,7,15,10,11,3,18,0,4,0,7,3,3,1,5
14900,Liverpool,2016,78,91,105,80,105,112,83,85,97,86,42,32,70,108,50,30,55,79,44,42,36,34,25,24,9,38,16,19,0,0
14920,Liverpool Plains,2016,0,0,0,0,0,0,0,0,0,0,0,0,0,3,0,0,0,3,0,0,0,0,0,0,0,0,0,0,12,14
14950,Lockhart,2016,0,0,0,0,0,0,0,0,0,0,0,0,0,0,0,0,0,0,0,0,0,0,0,0,0,0,0,0,7,3
15050,Maitland,2016,28,15,16,16,49,102,37,53,57,49,21,11,43,55,9,5,10,32,7,3,7,16,4,5,0,5,3,0,4,2
15240,Mid-Coast,2016,23,46,28,28,64,63,59,45,79,85,53,26,36,89,32,16,30,72,35,34,12,25,11,14,6,13,7,8,4,4
15270,Mid-Western Regional,2016,9,30,10,25,21,21,13,23,15,20,11,5,12,14,6,3,9,15,7,3,0,6,6,3,0,0,0,0,5,2
15300,Moree Plains,2016,28,66,49,87,36,77,21,58,37,60,15,21,28,42,21,18,16,38,27,16,12,17,12,6,0,6,4,7,5,5
15350,Mosman,2016,0,0,0,0,0,0,0,3,0,0,0,0,0,0,0,0,0,4,0,0,0,3,0,0,0,0,0,0,13,9
15520,Murray River,2016,0,4,0,6,0,5,0,0,5,11,4,0,3,10,0,0,0,8,0,0,0,3,0,0,0,6,0,3,10,15
15560,Murrumbidgee,2016,0,6,0,7,4,0,0,0,0,3,0,0,0,6,0,3,0,0,0,0,0,0,0,0,0,0,0,0,9,10
15650,Muswellbrook,2016,17,16,12,10,17,10,17,16,16,35,10,3,16,42,11,11,10,17,5,11,3,9,3,3,0,0,0,0,6,6
15700,Nambucca,2016,15,8,18,12,24,25,15,12,24,21,10,5,10,15,5,5,3,19,0,0,6,13,4,3,0,6,0,4,4,4
15750,Narrabri,2016,11,10,9,5,9,13,5,8,12,17,13,4,9,12,9,0,6,6,7,3,0,5,3,4,0,0,0,4,10,7
15800,Narrandera,2016,3,6,6,8,0,5,0,3,3,6,0,0,0,4,0,0,4,0,0,0,0,0,0,0,0,0,0,0,6,9
15850,Narromine,2016,3,11,0,4,3,12,0,12,3,6,0,0,0,9,0,0,0,3,0,0,0,0,0,0,0,0,0,0,3,14
15900,Newcastle,2016,49,56,60,60,91,148,72,99,94,119,59,25,86,104,61,7,68,78,69,19,23,46,36,14,7,22,10,6,1,2
15950,North Sydney,2016,0,0,0,0,7,12,5,12,0,4,4,3,0,10,0,0,0,11,7,4,3,7,5,7,3,5,4,3,5,4
15990,Northern Beaches,2016,12,17,4,6,18,87,26,60,20,32,19,18,33,91,11,10,9,77,15,13,8,42,13,14,8,10,11,8,4,4
16100,Oberon,2016,0,7,0,0,0,6,0,5,0,3,0,0,0,4,0,0,0,0,3,5,0,0,0,0,0,0,0,0,7,8
16150,Orange,2016,29,43,29,52,50,58,37,44,46,74,44,28,44,49,34,26,26,45,35,20,9,23,11,12,4,9,4,4,6,1
16200,Parkes,2016,11,32,6,27,8,18,10,24,8,24,5,12,9,18,5,6,6,7,4,8,3,8,0,0,0,0,0,0,5,6
16260,Parramatta,2016,21,24,28,33,58,42,42,37,46,53,54,26,39,66,67,28,22,36,79,26,9,15,37,16,4,15,13,13,2,2
16350,Penrith,2016,65,63,71,67,117,105,103,95,114,128,74,50,57,149,41,24,40,101,35,27,15,45,11,17,3,21,6,11,2,5
16380,Port Macquarie-Hastings,2016,60,147,57,147,70,102,58,104,66,108,35,42,32,82,32,28,40,77,29,27,20,30,27,12,3,16,12,16,2,1
16400,Port Stephens,2016,14,16,11,11,34,54,19,30,42,53,23,18,36,67,28,14,16,52,11,17,15,40,0,9,6,42,3,9,0,3
16490,Queanbeyan-Palerang Regional,2016,18,51,30,43,31,58,28,36,42,75,19,32,24,55,23,36,13,41,31,40,14,34,17,25,0,10,6,12,3,2
16550,Randwick,2016,12,21,10,31,25,60,18,36,28,35,27,17,18,45,15,17,22,49,18,28,9,30,14,21,0,14,3,10,4,3
16610,Richmond Valley,2016,39,48,31,39,19,28,14,36,30,35,12,11,19,29,9,10,7,23,15,12,5,8,7,0,0,6,0,4,7,9
16700,Ryde,2016,6,6,4,7,12,20,6,18,6,14,0,5,13,37,0,5,7,45,5,0,5,21,0,10,0,8,4,16,3,11
16900,Shellharbour,2016,15,18,15,25,37,49,41,26,35,42,16,14,18,40,11,8,16,35,4,4,9,15,3,7,5,4,0,0,1,7
16950,Shoalhaven,2016,41,29,43,24,68,81,52,39,75,41,43,23,71,57,60,19,38,54,48,31,13,18,29,15,9,22,15,9,4,5
17000,Singleton,2016,3,0,3,0,16,21,11,11,9,18,7,0,14,9,10,0,4,13,3,0,4,4,0,0,0,0,0,0,1,9
17040,Snowy Monaro Regional,2016,3,4,4,3,17,14,8,9,11,14,11,14,7,15,11,6,9,23,4,10,5,8,6,6,0,5,0,0,4,6
17080,Snowy Valleys,2016,0,5,7,9,8,24,0,12,11,16,3,0,5,15,3,3,6,12,4,3,0,6,0,0,0,3,0,0,7,9
17100,Strathfield,2016,4,7,6,4,8,18,0,4,0,0,4,3,5,5,0,5,6,7,0,3,3,0,0,0,0,0,0,0,6,12
17150,Sutherland Shire,2016,13,15,11,12,31,102,20,75,14,25,10,16,14,36,8,4,11,52,9,11,4,24,13,8,5,12,3,4,4,2
17200,Sydney,2016,45,56,45,70,99,117,74,53,138,127,170,70,137,158,232,99,140,136,314,162,66,86,197,118,31,70,88,100,0,0
17310,Tamworth Regional,2016,24,12,26,14,56,35,36,18,84,75,49,22,39,61,48,37,23,36,35,23,7,14,30,13,0,8,9,5,4,5
17350,Temora,2016,0,0,0,0,3,0,0,0,0,0,0,0,0,0,0,0,0,0,0,0,0,0,0,0,0,0,0,0,10,8
17400,Tenterfield,2016,0,0,0,0,0,23,4,24,0,5,0,8,4,5,0,4,0,6,0,0,0,0,0,0,0,7,0,0,13,9
17420,The Hills Shire,2016,5,15,10,11,17,43,4,34,13,11,4,8,5,16,0,0,7,17,0,0,0,4,0,3,0,0,0,0,6,8
17550,Tweed,2016,72,110,72,90,87,123,68,106,50,67,41,44,68,88,38,33,57,83,63,29,17,35,27,23,18,48,20,25,1,0
17620,Upper Hunter Shire,2016,3,0,0,0,0,4,3,0,5,7,0,0,6,8,3,0,0,6,4,0,0,3,3,0,0,0,0,0,4,7
17640,Upper Lachlan Shire,2016,0,3,3,0,0,0,0,0,0,0,0,0,0,0,0,0,0,0,0,0,0,0,0,0,0,0,0,0,4,5
17650,Uralla,2016,0,0,0,3,0,10,0,4,0,0,0,0,0,3,0,0,0,3,0,3,0,0,0,0,0,3,0,0,8,8
17750,Wagga Wagga,2016,11,7,18,21,29,71,31,37,34,46,29,19,29,42,33,14,23,25,20,32,8,11,15,7,0,3,4,5,5,3
17850,Walcha,2016,0,0,0,0,0,33,0,0,0,0,0,0,0,0,0,0,0,0,0,0,0,0,0,0,0,0,0,0,10,6
17900,Walgett,2016,23,21,27,13,14,17,9,7,24,15,9,0,26,10,4,0,9,16,7,3,9,6,9,0,0,5,3,0,2,11
17950,Warren,2016,0,0,0,0,0,3,0,0,0,0,4,0,0,0,0,0,0,0,0,0,0,0,0,0,0,0,0,0,14,5
18020,Warrumbungle Shire,2016,15,6,14,0,10,6,9,8,12,7,5,4,12,9,4,4,7,9,5,3,5,7,0,0,0,0,0,0,5,8
18050,Waverley,2016,0,0,3,8,18,4,8,12,15,4,10,4,11,8,9,6,9,10,12,7,6,6,9,0,3,0,8,5,11,3
18100,Weddin,2016,0,0,0,0,0,0,0,0,0,0,0,0,0,0,0,0,0,0,0,0,0,0,0,0,0,0,0,0,3,0
18200,Wentworth,2016,5,0,8,4,4,21,6,3,11,37,6,7,12,22,4,7,7,20,6,13,3,16,3,5,0,12,0,4,6,5
18250,Willoughby,2016,0,0,0,0,3,16,0,13,5,8,0,4,0,12,0,0,0,14,4,0,0,0,0,0,0,0,0,4,9,15
18350,Wingecarribee,2016,8,13,4,18,17,28,16,17,14,32,16,18,10,34,3,10,5,31,7,8,6,11,8,4,0,10,0,5,4,5
18400,Wollondilly,2016,11,17,7,23,19,29,8,25,15,16,6,6,13,22,3,0,8,15,3,7,0,5,6,3,0,3,0,3,1,1
18450,Wollongong,2016,82,58,81,81,200,139,123,79,196,201,120,71,143,108,106,51,102,92,127,53,46,48,55,33,16,16,22,17,3,4
18500,Woollahra,2016,0,4,0,0,4,15,0,7,3,3,4,0,3,6,0,0,3,3,0,0,0,6,5,0,0,3,0,3,4,13
18710,Yass Valley,2016,0,13,6,9,0,11,3,8,6,8,4,0,0,8,0,0,4,8,3,5,0,0,0,0,0,0,0,0,7,8
19399,Unincorporated NSW,2016,0,0,0,0,4,0,0,0,0,0,0,0,0,0,0,0,0,4,0,0,0,0,0,0,0,0,0,0,11,7
20110,Alpine,2016,0,3,0,0,5,3,4,0,3,9,0,0,4,10,7,3,6,8,0,6,0,15,0,0,0,0,0,4,5,15
20260,Ararat,2016,3,12,5,16,6,20,7,7,13,27,7,45,7,27,3,80,3,27,11,66,3,11,0,29,0,12,0,32,4,1
20570,Ballarat,2016,69,119,83,125,128,165,113,62,118,298,133,111,82,299,97,79,63,230,67,75,22,111,50,41,7,64,15,41,0,3
20660,Banyule,2016,57,76,70,65,44,65,48,64,63,116,45,36,42,141,45,24,31,142,27,32,19,60,17,20,6,68,11,18,0,5
20740,Bass Coast,2016,26,36,14,52,22,34,21,27,28,83,19,21,19,110,23,23,17,103,15,18,10,48,7,12,4,35,7,7,4,6
20830,Baw Baw,2016,8,20,14,11,11,17,20,10,34,65,14,25,23,79,26,22,15,65,25,30,10,33,14,20,4,21,4,13,6,3
20910,Bayside,2016,6,22,12,33,14,32,15,18,13,41,13,9,21,71,13,12,22,70,9,13,10,39,8,10,0,23,4,7,8,4
21010,Benalla,2016,3,3,0,0,6,9,7,7,21,33,21,11,10,36,12,10,8,27,12,10,5,18,0,5,0,12,0,8,5,8
21110,Boroondara,2016,15,70,12,49,15,61,9,48,26,59,13,18,25,70,32,20,15,92,38,32,11,50,19,26,8,51,13,29,0,5
21180,Brimbank,2016,180,302,192,368,136,341,107,236,176,505,115,128,129,584,118,145,97,387,106,96,41,232,43,72,32,153,36,71,0,2
21270,Buloke,2016,0,3,0,6,0,0,0,0,0,6,0,0,0,0,0,0,0,8,0,0,0,0,0,0,0,3,0,0,10,12
21370,Campaspe,2016,4,15,3,9,26,19,19,18,55,79,25,25,24,75,18,19,11,63,33,13,9,37,15,9,6,17,6,14,6,5
21450,Cardinia,2016,26,51,20,53,16,61,15,31,35,99,20,29,30,97,27,26,12,72,25,20,8,34,9,8,11,18,5,8,1,2
21610,Casey,2016,58,104,68,132,65,147,63,107,157,281,112,92,113,314,103,56,81,247,89,65,28,80,31,30,30,52,18,28,1,4
21670,Central Goldfields,2016,8,4,3,11,6,15,7,6,16,25,11,7,12,32,13,6,6,16,11,10,5,12,0,11,3,14,7,9,3,4
21750,Colac-Otway,2016,18,24,28,23,18,39,36,26,30,41,24,12,16,33,17,8,9,29,15,8,3,11,4,5,0,7,3,0,5,6
21830,Corangamite,2016,6,17,4,23,8,15,8,21,4,15,5,6,5,23,7,9,3,14,0,11,0,3,0,6,0,8,0,0,4,7
21890,Darebin,2016,88,61,78,76,66,70,66,38,114,140,66,34,101,217,82,64,69,164,90,62,31,97,49,55,25,77,46,41,0,1
22110,East Gippsland,2016,26,23,15,29,64,47,37,34,54,97,49,30,38,87,49,23,31,75,42,28,12,37,22,17,7,34,16,12,5,2
22170,Frankston,2016,62,106,53,109,61,124,59,92,123,190,79,68,105,236,111,78,58,214,96,107,27,105,49,59,13,62,26,53,2,1
22250,Gannawarra,2016,4,17,0,19,5,34,0,12,7,39,0,8,4,28,6,7,6,16,6,6,3,20,0,9,0,17,0,9,5,7
22310,Glen Eira,2016,20,40,15,33,22,40,21,35,23,60,30,20,33,107,26,13,24,120,35,21,11,53,16,27,7,59,4,28,5,9
22410,Glenelg,2016,19,15,24,19,18,25,25,17,16,23,22,10,17,30,19,13,6,21,13,9,7,6,6,7,0,4,0,3,10,6
22490,Golden Plains,2016,3,8,5,9,3,0,0,0,5,10,4,0,0,20,5,0,7,10,7,3,0,9,0,0,3,7,0,0,7,11
22620,Greater Bendigo,2016,20,43,39,47,75,98,65,59,134,248,107,71,83,294,103,75,53,205,82,67,24,79,33,41,5,60,22,35,1,5
22670,Greater Dandenong,2016,57,78,54,78,77,69,61,55,139,223,149,101,125,254,176,85,87,192,130,76,34,66,63,53,21,56,34,49,0,2
22750,Greater Geelong,2016,142,216,145,199,207,469,155,289,223,364,147,239,106,370,110,269,62,299,105,211,47,120,67,86,18,122,24,45,0,1
22830,Greater Shepparton,2016,15,32,20,53,71,134,78,64,127,213,92,104,80,196,100,137,68,134,84,96,23,68,63,50,6,49,25,36,0,1
22910,Hepburn,2016,5,7,8,5,8,23,6,8,6,15,9,4,12,24,5,6,6,31,8,5,8,14,7,4,7,17,5,9,3,3
22980,Hindmarsh,2016,0,0,3,4,0,12,0,5,3,3,0,0,0,9,0,0,0,5,0,5,0,6,0,0,0,5,0,0,10,11
23110,Hobsons Bay,2016,11,18,14,26,19,53,9,12,37,112,33,19,24,136,38,28,21,115,41,28,10,73,28,28,6,57,20,19,0,4
23190,Horsham,2016,5,21,11,20,22,55,15,36,21,86,13,19,14,63,19,18,5,50,16,13,4,17,4,6,3,9,0,5,5,5
23270,Hume,2016,68,163,96,170,83,125,69,104,129,372,70,90,105,403,82,96,69,284,76,80,40,163,46,65,42,114,31,45,0,1
23350,Indigo,2016,0,0,0,0,6,4,4,3,6,7,4,28,4,11,8,45,4,18,0,43,0,12,0,18,0,6,0,10,6,2
23430,Kingston,2016,28,79,36,75,28,82,30,53,54,120,37,33,37,173,31,43,30,151,36,29,12,106,19,27,6,66,8,19,1,2
23670,Knox,2016,45,178,60,186,65,190,62,146,77,189,67,73,64,212,57,84,35,172,56,73,22,112,33,35,34,78,43,49,0,0
23810,Latrobe,2016,33,74,32,71,102,79,92,49,148,262,140,92,83,186,99,71,49,119,66,66,23,63,33,40,8,34,20,18,3,5
23940,Loddon,2016,0,0,0,0,0,0,0,0,6,6,0,0,5,0,0,3,0,9,0,0,0,5,3,4,0,0,3,0,11,9
24130,Macedon Ranges,2016,4,8,6,10,11,20,8,36,13,23,16,24,14,44,14,8,9,52,6,12,0,19,4,6,5,46,4,25,3,1
24210,Manningham,2016,8,85,18,85,22,76,10,76,15,54,9,23,21,81,10,20,13,103,16,41,4,50,7,21,9,57,7,17,0,6
24250,Mansfield,2016,0,0,0,0,0,0,0,0,0,4,0,0,3,7,0,0,0,10,0,3,0,0,4,0,0,0,0,0,9,10
24330,Maribyrnong,2016,60,50,48,42,54,68,39,30,96,195,55,54,63,213,77,57,40,131,53,57,15,67,45,40,12,62,18,36,0,4
24410,Maroondah,2016,75,150,79,154,63,133,58,131,87,133,63,53,72,185,59,68,46,192,63,63,22,78,39,37,7,55,9,32,0,0
24600,Melbourne,2016,40,29,38,26,61,88,60,32,161,245,204,63,94,207,274,101,71,104,251,106,29,57,104,63,21,49,35,32,0,1
24650,Melton,2016,83,252,102,248,76,239,68,167,71,460,51,89,73,490,48,76,39,343,37,53,11,136,13,33,21,91,9,33,0,4
24780,Mildura,2016,59,99,79,110,85,130,59,68,115,200,76,51,78,188,77,65,47,167,59,53,18,72,24,25,10,44,13,18,1,6
24850,Mitchell,2016,13,15,12,16,24,36,14,25,28,52,40,23,16,47,22,21,14,48,29,23,12,30,8,20,3,11,7,6,0,2
24900,Moira,2016,5,7,8,7,12,44,11,13,22,55,12,15,20,54,10,15,7,47,11,17,4,20,3,7,0,14,5,10,7,2
24970,Monash,2016,47,128,68,123,43,141,45,123,58,111,50,59,44,149,42,40,46,170,37,58,20,95,27,43,20,78,17,33,0,3
25060,Moonee Valley,2016,24,41,17,31,20,39,13,12,47,149,32,26,35,166,38,45,27,137,28,50,12,69,14,27,5,68,12,14,0,4
25150,Moorabool,2016,4,25,9,27,12,29,10,6,40,57,14,13,18,69,17,10,16,58,9,14,4,20,6,5,0,17,0,4,1,6
25250,Moreland,2016,35,53,44,69,38,63,35,35,92,141,86,37,79,207,69,51,36,162,66,60,33,80,36,46,23,80,21,44,0,4
25340,Mornington Peninsula,2016,44,87,42,78,47,134,31,68,60,200,43,45,49,252,51,42,37,288,62,65,29,156,36,45,12,133,18,52,0,2
25430,Mount Alexander,2016,3,3,0,4,5,8,5,5,8,22,11,64,8,49,14,105,6,37,14,67,3,19,7,27,3,20,0,15,3,6
25490,Moyne,2016,0,22,7,18,5,10,7,16,8,12,3,4,5,21,0,4,4,13,0,0,0,6,0,4,0,6,0,0,3,9
25620,Murrindindi,2016,0,0,0,0,0,6,0,5,0,4,3,4,0,12,6,6,4,7,6,4,0,6,0,7,0,0,0,4,11,9
25710,Nillumbik,2016,3,4,3,5,5,5,0,15,5,15,3,5,3,30,5,5,4,34,6,0,5,20,0,3,0,13,0,3,3,6
25810,Northern Grampians,2016,4,8,0,17,10,20,9,14,9,37,15,5,4,33,3,8,4,33,3,6,3,21,3,4,0,6,0,6,2,5
25900,Port Phillip,2016,92,60,114,52,54,58,52,36,146,138,96,63,151,203,162,113,108,186,156,157,35,108,94,137,14,78,41,103,2,0
25990,Pyrenees,2016,0,4,3,6,0,0,0,0,5,9,0,15,0,12,0,22,0,9,8,32,0,3,0,22,0,0,0,23,15,5
26080,Queenscliffe,2016,0,0,0,0,0,0,0,0,0,0,0,0,0,4,0,0,0,3,0,0,0,0,0,0,0,0,0,0,4,8
26170,South Gippsland,2016,17,27,10,39,6,35,9,18,9,69,9,14,14,71,17,8,10,58,7,7,5,38,6,8,3,15,0,4,5,3
26260,Southern Grampians,2016,14,8,21,14,19,4,13,8,4,23,20,9,16,19,15,6,7,24,9,10,3,12,7,3,0,3,0,5,3,2
26350,Stonnington,2016,8,26,5,28,8,31,8,17,28,61,26,15,23,78,24,25,19,88,28,36,12,47,11,35,4,46,5,25,0,5
26430,Strathbogie,2016,0,0,0,6,4,0,0,0,5,8,0,0,0,10,6,0,3,10,4,4,3,4,3,0,0,6,0,3,7,10
26490,Surf Coast,2016,5,6,3,0,8,5,0,3,0,5,0,0,7,8,3,4,3,18,3,0,0,8,0,0,3,8,0,0,4,14
26610,Swan Hill,2016,11,40,13,33,22,58,17,8,43,77,32,14,27,95,43,17,13,58,37,23,11,40,18,26,9,34,14,21,3,1
26670,Towong,2016,0,0,0,0,0,0,0,3,7,8,0,0,0,4,0,0,0,11,0,0,0,0,0,0,0,0,0,0,12,16
26700,Wangaratta,2016,11,16,11,18,30,34,31,20,37,75,44,26,23,63,32,26,12,61,27,19,9,26,11,17,5,24,4,13,1,0
26730,Warrnambool,2016,25,45,22,40,35,87,29,52,35,90,34,51,21,78,28,31,17,59,24,35,3,27,15,21,3,16,5,9,2,6
26810,Wellington,2016,9,21,6,30,24,34,23,18,41,49,26,124,17,63,23,220,12,53,13,132,7,17,16,42,5,16,8,14,3,6
26890,West Wimmera,2016,0,0,0,0,0,0,0,0,0,3,0,0,0,0,0,0,0,0,0,0,0,3,0,0,0,0,0,0,12,6
26980,Whitehorse,2016,37,108,34,86,44,115,56,121,39,107,42,57,46,131,43,39,29,130,49,62,19,79,27,44,15,70,25,45,0,4
27070,Whittlesea,2016,50,119,50,117,54,118,41,71,70,257,48,40,59,373,49,51,40,241,47,62,24,114,15,28,14,76,13,28,0,1
27170,Wodonga,2016,51,56,51,61,80,58,60,43,83,96,62,40,35,111,41,35,30,82,40,31,14,45,11,27,7,22,5,19,2,4
27260,Wyndham,2016,48,94,47,96,67,155,44,55,154,448,95,69,109,555,99,84,56,371,73,57,30,171,36,31,22,104,20,32,0,3
27350,Yarra,2016,27,21,23,21,29,27,26,18,76,116,56,34,47,103,71,59,33,83,57,44,11,40,35,32,13,36,11,31,2,5
27450,Yarra Ranges,2016,58,240,58,269,59,228,70,178,76,160,50,58,49,215,52,77,30,201,48,78,20,109,19,40,7,60,10,35,0,5
27630,Yarriambiack,2016,0,4,0,5,0,12,0,9,3,8,0,3,0,12,0,4,0,14,4,0,0,8,0,0,0,0,0,0,12,13
29399,Unincorporated Vic,2016,0,0,0,0,0,0,0,0,0,0,0,0,0,0,0,0,0,0,0,0,0,0,0,0,0,0,0,0,6,1
30250,Aurukun,2016,0,5,0,0,0,0,0,0,0,8,0,0,0,8,0,0,0,10,0,0,0,0,0,0,0,5,0,0,12,3
30300,Balonne,2016,0,0,0,0,0,0,0,0,0,0,0,0,0,0,0,0,0,0,0,0,0,0,0,0,0,0,0,0,6,3
30370,Banana,2016,5,9,4,10,5,13,3,10,4,4,0,3,4,7,5,6,0,4,0,3,0,4,0,0,0,0,0,0,7,7
30410,Barcaldine,2016,0,0,0,0,0,0,0,0,0,0,0,0,0,0,0,0,0,0,0,0,0,0,0,0,0,0,0,0,5,1
30450,Barcoo,2016,0,0,0,0,0,0,0,0,0,0,0,0,0,0,0,0,0,0,0,0,0,0,0,0,0,0,0,0,3,3
30760,Blackall-Tambo,2016,0,0,0,0,0,0,0,0,0,0,0,0,0,0,0,0,0,0,0,0,0,0,0,0,0,0,0,0,1,0
30900,Boulia,2016,0,0,0,0,0,0,0,0,0,0,0,0,0,0,0,0,0,0,0,0,0,0,0,0,0,0,0,0,2,2
31000,Brisbane,2016,394,269,460,275,349,235,284,187,394,357,218,118,438,386,319,136,270,269,288,139,91,115,132,105,39,67,73,70,0,6
31820,Bundaberg,2016,60,25,60,30,49,19,53,15,35,47,36,19,31,40,35,19,14,27,23,24,10,22,17,11,0,7,3,11,2,0
31900,Burdekin,2016,0,10,4,9,0,7,4,0,5,26,3,4,12,12,7,18,7,11,0,12,0,14,0,6,0,8,0,9,4,9
31950,Burke,2016,0,0,0,0,0,0,0,0,0,0,0,0,0,0,0,0,0,0,0,0,0,0,0,0,0,0,0,0,2,1
32080,Cairns,2016,176,245,192,214,136,163,122,133,256,218,178,67,214,267,213,68,159,186,221,79,73,66,140,59,25,27,50,32,0,3
32250,Carpentaria,2016,0,0,0,0,0,0,0,0,0,3,4,0,0,0,6,0,0,0,0,0,0,0,0,0,0,0,0,0,15,10
32260,Cassowary Coast,2016,7,8,11,8,12,19,15,3,13,18,13,7,8,29,9,19,11,18,8,13,0,6,3,0,0,0,0,3,4,5
32270,Central Highlands,2016,0,7,6,15,8,7,4,7,10,12,7,8,6,10,0,4,7,5,3,0,0,0,0,0,0,3,0,0,8,10
32310,Charters Towers,2016,0,4,4,0,0,0,0,0,10,0,3,0,3,3,7,0,0,3,4,0,0,0,4,0,0,0,0,0,8,6
32330,Cherbourg,2016,0,0,0,0,0,0,0,0,0,0,0,0,0,3,0,0,0,0,0,0,0,0,0,0,0,0,0,0,10,5
32450,Cloncurry,2016,29,64,23,78,28,86,25,59,28,77,42,34,44,63,36,30,31,40,41,27,9,14,19,13,0,5,11,4,5,4
32500,Cook,2016,5,28,0,23,0,13,0,0,0,17,0,0,0,26,0,0,0,11,0,0,0,0,0,0,0,4,0,0,7,13
32750,Diamantina,2016,0,0,0,0,0,0,0,0,0,0,0,0,0,0,0,0,0,0,0,0,0,0,0,0,0,0,0,0,1,1
32770,Doomadgee,2016,0,0,0,0,0,0,0,0,0,0,3,0,0,0,0,0,3,0,0,0,4,0,0,0,0,0,0,0,10,10
32810,Douglas,2016,0,0,0,0,0,0,0,0,0,0,0,0,0,5,0,0,3,0,0,0,0,0,0,0,0,0,0,0,7,14
33200,Flinders,2016,0,0,0,0,0,0,0,0,0,0,0,0,0,0,0,0,0,0,0,0,0,0,0,0,0,0,0,0,3,7
33220,Fraser Coast,2016,66,54,62,53,58,37,57,39,60,57,36,34,62,82,46,51,39,54,58,49,18,24,16,21,9,18,13,18,8,5
33360,Gladstone,2016,17,32,23,38,20,32,18,25,13,24,9,12,15,16,9,12,11,18,5,7,5,5,0,8,0,0,0,4,5,1
33430,Gold Coast,2016,116,202,131,182,133,175,151,174,116,134,92,60,137,170,118,51,111,137,118,59,40,59,59,44,18,34,32,30,7,0
33610,Goondiwindi,2016,3,0,0,0,0,0,0,0,0,0,0,0,0,0,0,0,0,0,0,0,0,0,0,0,0,0,0,0,7,6
33620,Gympie,2016,14,22,31,18,26,32,24,15,27,28,24,15,14,21,3,3,4,12,3,0,5,8,0,0,3,3,0,0,1,4
33800,Hinchinbrook,2016,3,9,0,6,7,5,5,5,6,12,3,9,5,16,7,4,6,19,0,5,5,10,3,9,0,8,0,10,1,5
33830,Hope Vale,2016,0,11,3,4,0,3,0,0,0,0,0,0,0,4,0,0,0,0,0,0,0,0,0,0,0,0,0,0,10,2
33960,Ipswich,2016,201,110,196,139,141,89,104,58,157,140,65,70,91,102,45,41,55,40,23,26,17,21,14,12,3,9,0,9,3,5
33980,Isaac,2016,11,7,15,10,4,6,9,5,8,7,0,4,6,7,3,0,3,4,3,0,0,0,0,0,0,0,0,0,6,9
34420,Kowanyama,2016,0,5,0,8,0,7,0,0,4,11,0,0,0,7,0,0,3,14,0,0,0,4,0,0,0,6,0,0,5,1
34530,Livingstone,2016,8,16,6,16,6,8,7,5,3,15,10,5,5,7,6,6,0,10,6,6,0,3,0,0,0,0,0,0,0,7
34570,Lockhart River,2016,0,0,0,0,0,4,0,0,0,3,0,0,0,4,0,0,0,4,0,0,0,0,0,0,0,0,0,0,4,5
34580,Lockyer Valley,2016,12,22,16,15,5,7,5,8,10,20,5,9,14,5,11,9,0,6,4,3,0,4,6,0,4,0,0,5,4,4
34590,Logan,2016,204,131,217,146,176,143,120,125,186,126,65,39,137,102,40,49,86,64,38,20,18,32,9,18,8,16,5,12,0,1
34710,Longreach,2016,0,0,0,4,0,5,0,4,0,6,0,3,0,6,3,3,0,6,0,0,0,0,0,0,0,0,0,0,8,5
34770,Mackay,2016,49,264,74,252,59,201,64,182,52,135,56,48,43,151,47,72,22,115,46,61,16,37,26,43,5,19,9,22,2,3
34800,McKinlay,2016,0,0,0,0,0,0,0,0,0,0,0,0,0,0,0,0,0,0,0,0,0,0,0,0,0,0,0,0,5,7
34830,Mapoon,2016,0,0,0,0,0,0,0,0,0,0,0,0,0,0,0,0,0,0,0,0,0,0,0,0,0,0,0,0,4,2
34860,Maranoa,2016,4,0,7,0,0,0,5,0,4,0,0,0,5,0,4,0,0,0,4,0,0,0,0,0,0,0,0,0,10,1
34880,Mareeba,2016,13,13,11,12,13,13,8,9,44,22,20,14,20,29,21,7,5,23,13,11,0,9,5,0,0,0,4,3,5,2
35010,Moreton Bay,2016,157,69,166,65,114,62,85,48,118,71,41,21,99,81,32,24,69,58,41,15,24,29,15,11,8,22,5,0,1,3
35250,Mornington,2016,0,0,0,0,0,0,0,0,0,0,0,0,0,0,0,0,0,0,0,0,0,0,0,0,0,0,0,0,6,6
35300,Mount Isa,2016,7,17,6,18,6,24,6,17,9,36,6,9,5,21,6,7,5,23,7,8,4,9,4,4,0,0,0,0,4,3
35600,Murweh,2016,0,3,0,3,0,5,3,0,0,0,0,0,0,3,0,0,0,0,0,0,0,0,0,0,0,0,0,0,12,10
35670,Napranum,2016,0,5,0,3,0,3,0,0,3,5,0,0,0,3,0,0,0,0,0,0,0,0,0,0,0,0,0,0,4,5
35740,Noosa,2016,14,5,12,5,13,6,15,5,11,4,6,0,5,5,4,0,6,0,0,0,0,0,0,0,0,0,0,0,8,4
35760,North Burnett,2016,0,3,0,0,0,0,0,0,0,0,0,0,0,0,3,0,0,0,3,0,0,0,0,3,0,0,0,0,7,6
35780,Northern Peninsula Area,2016,0,32,0,32,0,5,0,8,3,20,0,0,0,9,0,0,0,12,0,0,0,0,0,0,0,0,0,0,4,3
35790,Palm Island,2016,8,26,6,18,0,7,0,0,6,23,4,0,0,7,0,0,0,8,0,0,0,6,0,0,0,0,0,0,7,6
35800,Paroo,2016,0,0,0,0,0,0,0,0,0,0,0,0,0,0,0,0,0,0,0,0,0,0,0,0,0,0,0,0,1,0
36070,Pormpuraaw,2016,0,0,0,0,0,10,0,0,3,7,0,0,0,9,0,0,0,6,0,0,0,0,0,0,0,0,0,0,11,3
36250,Redland,2016,35,27,65,34,43,59,33,45,25,20,8,9,39,23,11,7,15,19,12,5,5,7,4,3,4,0,0,0,6,3
36300,Richmond,2016,0,0,0,0,0,0,0,0,0,0,0,0,0,0,0,0,0,0,0,0,0,0,0,0,0,0,0,0,2,5
36370,Rockhampton,2016,36,55,31,84,41,74,29,29,34,68,30,25,23,46,42,30,19,33,22,36,5,10,15,24,0,8,5,14,2,1
36510,Scenic Rim,2016,12,4,18,7,6,4,8,0,14,0,0,0,9,5,0,0,4,0,0,0,0,0,0,0,0,0,0,0,7,9
36580,Somerset,2016,5,3,10,3,3,5,3,6,4,7,3,0,4,5,3,4,0,6,0,0,0,0,0,0,0,0,0,0,9,9
36630,South Burnett,2016,17,17,16,20,18,15,20,18,18,12,9,7,14,12,4,0,9,4,0,3,0,0,0,0,3,0,0,0,1,5
36660,Southern Downs,2016,23,31,28,19,10,22,15,24,23,23,20,7,21,28,13,11,12,21,15,13,5,15,6,13,3,10,3,6,0,0
36720,Sunshine Coast,2016,79,33,96,37,61,32,55,24,54,40,28,10,42,48,27,9,36,30,24,11,16,13,14,5,3,8,9,0,6,3
36820,Tablelands,2016,10,26,4,28,13,15,0,16,14,17,7,0,7,30,0,0,8,26,7,3,3,7,3,0,0,4,0,3,2,9
36910,Toowoomba,2016,45,26,59,25,55,32,44,27,57,44,44,24,38,53,43,32,37,41,33,23,9,29,20,16,4,21,8,11,2,2
36950,Torres,2016,0,11,0,13,0,0,0,0,0,7,0,0,0,5,0,0,0,3,0,0,0,0,0,0,0,0,0,0,5,1
36960,Torres Strait Island,2016,0,0,0,4,0,0,0,0,0,0,0,0,0,3,0,0,0,0,0,0,0,0,0,0,0,0,0,0,10,1
37010,Townsville,2016,219,257,224,286,140,170,117,118,225,255,131,85,150,230,150,110,118,161,126,92,38,66,53,49,8,37,35,17,1,4
37300,Weipa,2016,0,0,0,3,0,0,0,0,0,0,0,0,0,0,0,0,0,0,0,0,0,0,0,0,0,0,0,0,5,5
37310,Western Downs,2016,9,8,23,6,6,4,7,0,4,4,3,0,9,0,7,0,6,0,8,3,0,0,0,0,0,0,0,0,4,8
37340,Whitsunday,2016,8,10,15,13,4,0,3,0,4,0,0,0,8,4,5,0,0,8,4,3,0,3,0,3,0,0,0,0,8,7
37400,Winton,2016,0,0,0,0,0,0,0,0,0,0,0,0,0,0,0,0,0,0,0,0,0,0,0,0,0,0,0,0,11,6
37550,Woorabinda,2016,0,0,0,0,0,0,0,0,0,0,0,0,0,0,0,0,0,0,0,0,0,0,0,0,0,0,0,0,8,4
37570,Wujal Wujal,2016,0,0,0,0,0,0,0,0,0,0,0,0,0,0,0,0,0,0,0,0,0,0,0,0,0,0,0,0,4,4
37600,Yarrabah,2016,3,20,10,20,0,9,0,0,10,22,5,0,4,15,0,0,4,7,0,0,0,4,0,0,0,3,0,0,8,8
40070,Adelaide,2016,11,27,25,23,49,31,51,21,84,38,106,40,62,34,165,52,71,26,174,37,36,10,111,25,9,4,29,13,5,3
40120,Adelaide Hills,2016,0,3,0,0,3,3,3,0,5,4,0,4,3,11,0,3,5,11,0,3,0,3,3,0,0,0,0,0,4,13
40150,Adelaide Plains,2016,4,0,0,0,0,0,0,0,5,3,0,0,4,10,0,0,0,8,0,0,0,0,0,0,0,0,0,0,8,14
40220,Alexandrina,2016,0,14,0,10,3,15,0,4,10,11,7,5,13,16,4,6,3,11,13,3,0,11,6,4,0,5,0,0,5,5
40250,Anangu Pitjantjatjara,2016,0,21,0,17,0,12,0,3,0,41,0,5,0,42,0,0,0,26,0,0,0,0,0,0,0,4,0,0,7,5
40310,Barossa,2016,0,4,0,3,7,5,3,12,7,18,6,4,7,15,4,0,3,18,3,0,0,0,0,0,0,0,0,0,4,9
40430,Barunga West,2016,0,0,0,0,0,0,0,0,0,0,0,0,0,0,0,0,0,0,0,0,0,0,0,0,0,0,0,0,12,3
40520,Berri and Barmera,2016,0,20,0,19,5,21,7,3,14,28,10,15,7,17,20,3,7,17,24,9,5,13,14,0,0,5,0,0,0,11
40700,Burnside,2016,0,0,0,0,5,4,0,0,8,4,5,5,4,6,4,3,3,10,0,6,0,0,3,0,4,3,0,0,7,11
40910,Campbelltown,2016,3,0,3,4,6,6,0,5,12,17,10,10,11,22,5,5,8,10,8,8,5,4,0,4,0,3,0,0,11,7
41010,Ceduna,2016,3,20,0,10,4,6,5,6,12,20,7,4,11,27,8,4,10,7,8,5,7,7,8,0,3,5,0,0,0,8
41060,Charles Sturt,2016,14,69,17,60,36,76,24,42,77,68,39,25,55,107,36,24,30,60,25,19,12,34,21,21,0,15,6,4,3,4
41140,Clare and Gilbert Valleys,2016,0,3,0,4,4,4,5,4,5,10,0,3,3,11,0,0,0,14,0,0,0,0,0,0,0,0,0,0,6,11
41330,Coober Pedy,2016,0,4,0,25,6,10,0,10,8,15,8,7,11,9,15,6,9,7,13,4,7,6,6,0,0,0,0,0,3,2
41560,Copper Coast,2016,0,0,0,0,6,8,4,3,5,10,7,4,12,23,9,4,6,14,5,3,0,3,5,7,0,5,0,0,4,5
41830,Flinders Ranges,2016,0,0,0,0,0,0,0,0,0,0,0,0,0,3,0,0,0,0,0,0,0,0,0,0,0,0,0,0,4,3
41960,Franklin Harbour,2016,0,0,0,0,0,0,0,0,0,0,0,0,0,0,0,0,0,0,0,0,0,0,0,0,0,0,0,0,1,0
42030,Gawler,2016,7,13,8,11,12,22,13,9,19,23,8,7,13,27,8,5,17,16,6,3,4,3,0,6,0,3,3,0,4,3
42110,Goyder,2016,0,0,0,0,0,0,0,0,0,0,0,0,3,0,0,0,0,5,0,0,0,0,0,0,0,3,0,0,9,6
42250,Grant,2016,0,0,0,3,0,4,0,9,3,6,6,0,0,4,0,0,0,0,0,0,0,0,3,0,0,0,0,0,14,9
42600,Holdfast Bay,2016,5,10,6,10,3,10,4,12,10,10,3,6,4,13,9,3,11,9,9,0,7,5,6,6,3,6,0,4,2,3
42750,Kangaroo Island,2016,0,6,0,16,4,13,3,7,4,5,4,0,0,9,0,0,0,7,0,0,0,6,0,0,0,0,0,0,6,8
43080,Karoonda East Murray,2016,0,0,0,0,0,0,0,0,0,0,0,0,0,0,0,0,0,0,0,0,0,0,0,0,0,0,0,0,5,1
43220,Kimba,2016,0,0,0,0,0,0,0,0,0,0,0,0,0,0,0,0,0,0,0,0,0,0,0,0,0,0,0,0,2,0
43360,Kingston,2016,0,0,0,0,0,0,0,0,0,0,0,0,0,0,0,0,0,0,0,0,0,0,0,0,0,0,0,0,3,0
43650,Light,2016,0,0,0,6,0,4,0,0,3,6,0,0,4,12,5,0,0,7,0,0,0,3,0,0,0,0,0,0,7,10
43710,Lower Eyre Peninsula,2016,3,0,0,0,3,0,3,3,4,0,0,0,0,8,0,5,0,3,0,0,0,0,0,0,0,0,0,0,12,8
43790,Loxton Waikerie,2016,0,12,4,15,0,21,0,10,3,9,4,8,5,21,4,12,11,11,6,9,4,5,6,3,0,0,0,0,6,5
44000,Maralinga Tjarutja,2016,0,0,0,0,0,0,0,0,0,0,0,0,0,0,0,0,0,0,0,0,0,0,0,0,0,0,0,0,3,0
44060,Marion,2016,19,83,20,67,39,97,34,61,56,88,35,25,38,85,44,18,19,55,32,20,10,24,11,10,3,22,3,12,3,1
44210,Mid Murray,2016,0,0,0,4,0,0,0,9,7,6,0,3,5,5,3,5,3,3,4,7,0,0,0,0,0,4,0,0,9,7
44340,Mitcham,2016,4,11,0,11,13,17,3,14,9,15,7,7,7,25,7,7,4,13,0,4,3,9,5,6,0,6,3,7,1,3
44550,Mount Barker,2016,0,5,0,0,4,17,0,3,12,15,4,4,9,17,4,3,6,18,8,4,0,6,4,4,0,0,3,0,7,6
44620,Mount Gambier,2016,4,58,3,64,16,66,17,54,22,51,25,20,8,47,14,30,9,30,8,24,0,11,10,13,0,7,0,0,4,5
44830,Mount Remarkable,2016,0,0,0,0,0,0,0,0,0,0,0,0,0,3,0,0,0,3,0,0,0,0,0,0,0,0,0,0,6,3
45040,Murray Bridge,2016,3,26,0,28,10,27,7,11,36,32,26,16,32,55,24,30,14,27,9,14,9,10,6,6,6,7,5,6,3,3
45090,Naracoorte and Lucindale,2016,0,9,0,11,0,3,0,0,0,4,4,0,6,6,0,3,0,0,0,0,0,0,0,0,0,0,0,0,4,6
45120,Northern Areas,2016,0,0,0,0,0,0,0,0,0,3,0,0,0,5,0,0,0,0,0,0,0,0,0,0,0,0,0,0,7,8
45290,Norwood Payneham St Peters,2016,0,4,3,0,0,13,0,10,11,8,0,0,4,12,4,8,5,9,11,4,0,3,3,4,0,0,0,0,11,10
45340,Onkaparinga,2016,59,174,56,176,103,224,79,144,129,177,74,51,72,194,65,43,50,106,41,30,15,44,17,18,4,13,9,10,6,4
45400,Orroroo/Carrieton,2016,0,0,0,0,0,0,0,0,0,0,0,0,0,0,0,0,0,0,0,0,0,0,0,0,0,0,0,0,3,1
45540,Peterborough,2016,0,0,0,0,0,0,0,0,0,0,0,0,0,0,0,0,0,0,0,0,0,0,0,0,0,0,0,0,2,1
45680,Playford,2016,33,97,44,104,97,139,39,65,190,223,101,35,128,238,81,33,50,105,61,28,25,36,13,14,4,20,0,9,2,3
45890,Port Adelaide Enfield,2016,37,80,28,70,83,103,51,73,169,130,76,69,90,141,75,67,58,105,52,58,20,41,25,22,5,25,8,9,1,2
46090,Port Augusta,2016,12,45,13,32,60,42,34,18,66,54,44,31,35,44,22,37,24,22,14,29,13,14,11,14,5,3,5,6,1,1
46300,Port Lincoln,2016,19,22,17,35,17,35,16,22,19,39,17,16,17,32,14,12,7,13,13,17,6,5,4,4,0,3,0,0,0,3
46450,Port Pirie City and Dists,2016,6,15,3,10,16,18,10,15,25,45,11,18,22,33,23,16,13,25,5,14,0,11,5,5,0,6,0,0,5,8
46510,Prospect,2016,0,0,0,0,0,0,3,3,0,9,8,3,4,11,0,0,4,6,0,0,0,3,0,0,0,0,0,0,13,12
46670,Renmark Paringa,2016,0,17,0,13,11,19,7,10,5,18,5,9,4,19,8,0,11,14,10,5,0,4,8,0,0,0,3,3,7,5
46860,Robe,2016,0,3,0,0,0,0,0,0,0,0,0,0,0,0,0,0,0,0,0,0,0,0,0,0,0,0,0,0,1,2
46970,Roxby Downs,2016,0,0,0,0,0,0,0,0,0,0,0,0,0,0,0,0,0,0,0,0,0,0,0,0,0,0,0,0,2,1
47140,Salisbury,2016,35,92,33,93,86,123,43,70,140,144,78,36,103,178,50,31,38,99,48,24,16,43,23,16,6,17,0,5,0,4
47290,Southern Mallee,2016,0,0,0,0,0,0,0,0,0,0,0,0,0,0,0,0,0,0,0,0,0,0,0,0,0,0,0,0,4,2
47490,Streaky Bay,2016,0,0,0,4,0,0,0,0,0,4,0,0,0,4,0,0,0,0,0,0,0,0,0,0,0,0,0,0,12,12
47630,Tatiara,2016,0,0,0,0,0,0,0,0,0,3,0,0,0,3,0,0,0,3,3,0,0,0,0,0,0,0,0,0,7,3
47700,Tea Tree Gully,2016,7,12,5,16,21,44,9,18,33,26,30,18,21,48,26,18,22,36,20,15,6,17,6,6,0,6,0,4,5,3
47800,The Coorong,2016,0,5,0,9,0,0,0,0,6,6,0,0,3,9,0,0,0,4,0,0,0,4,0,0,0,0,0,0,5,11
47910,Tumby Bay,2016,0,0,0,0,0,0,0,0,0,0,0,0,0,3,0,0,0,0,0,0,0,0,0,0,0,0,0,0,6,4
47980,Unley,2016,5,11,6,10,13,7,4,4,15,11,0,3,7,12,3,6,0,3,9,4,0,4,0,4,0,0,4,4,9,7
48050,Victor Harbor,2016,0,6,3,13,0,9,3,10,3,14,4,0,9,17,0,0,7,13,5,0,0,4,0,0,0,4,0,0,8,9
48130,Wakefield,2016,0,4,0,3,3,0,0,0,3,6,0,0,3,6,0,0,0,6,0,0,0,4,0,0,0,3,0,0,4,14
48260,Walkerville,2016,13,37,16,30,8,15,18,4,13,0,3,0,10,0,3,0,9,3,7,0,3,0,0,0,0,0,0,0,4,9
48340,Wattle Range,2016,0,7,0,14,4,12,0,10,0,8,0,0,5,6,5,0,0,7,0,3,0,0,0,0,0,3,0,0,4,9
48410,West Torrens,2016,14,21,13,24,13,29,8,14,17,31,10,4,14,41,14,12,9,23,14,8,7,7,4,10,0,10,0,11,5,1
48540,Whyalla,2016,7,25,7,17,8,21,24,19,25,39,16,18,15,37,7,8,7,24,0,5,0,8,4,4,0,6,3,0,5,4
48640,Wudinna,2016,0,0,0,0,0,0,0,0,0,0,0,0,0,0,0,0,0,0,0,0,0,0,0,0,0,0,0,0,1,0
48750,Yankalilla,2016,0,0,0,0,0,0,0,0,0,0,0,0,4,0,0,0,0,4,0,0,0,0,0,0,0,0,0,0,8,5
48830,Yorke Peninsula,2016,0,0,0,0,0,0,0,0,0,0,0,0,3,0,0,0,4,0,0,0,0,4,0,0,0,0,0,0,15,12
49399,Unincorporated SA,2016,0,0,0,0,0,0,0,0,0,5,0,0,0,0,0,0,0,0,0,0,0,0,0,0,0,0,0,0,8,11
50080,Albany,2016,5,28,8,33,13,28,8,17,15,35,4,4,17,65,9,0,9,35,3,0,0,13,5,0,0,0,0,0,6,7
50210,Armadale,2016,38,36,25,32,31,26,19,26,42,38,11,6,29,43,16,13,18,24,9,7,0,12,4,3,0,0,0,0,6,3
50250,Ashburton,2016,4,0,0,0,0,0,0,0,0,0,0,0,0,0,0,0,0,0,0,0,0,0,0,0,0,0,0,0,8,5
50280,Augusta-Margaret River,2016,0,3,0,3,0,0,0,0,0,4,0,0,0,5,0,0,0,0,0,0,0,3,0,0,0,0,0,0,7,14
50350,Bassendean,2016,5,6,4,4,8,0,5,0,3,6,0,0,8,3,5,0,0,3,4,0,0,0,0,0,0,0,0,0,9,9
50420,Bayswater,2016,7,20,19,21,13,12,5,7,19,26,6,3,26,34,14,7,13,20,10,9,3,0,4,0,0,6,0,7,6,4
50490,Belmont,2016,16,21,15,14,14,13,13,11,29,22,6,0,20,23,11,7,12,11,5,4,3,4,0,4,0,0,0,0,5,4
50560,Beverley,2016,0,0,0,0,0,0,0,0,0,0,0,0,0,0,0,0,0,0,0,0,0,0,0,0,0,0,0,0,7,5
50630,Boddington,2016,0,3,0,4,0,0,0,0,0,3,0,0,0,4,0,0,0,0,0,0,0,0,0,0,0,0,0,0,5,3
50770,Boyup Brook,2016,0,0,0,0,0,0,0,0,0,0,0,0,0,0,0,0,0,0,0,0,0,0,0,0,0,0,0,0,9,2
50840,Bridgetown-Greenbushes,2016,0,0,0,0,0,0,0,0,0,0,0,0,0,8,0,0,0,0,0,0,0,4,0,0,0,3,0,0,6,2
50910,Brookton,2016,0,0,0,0,0,0,0,0,0,0,0,0,0,0,0,0,0,0,0,0,0,0,0,0,0,0,0,0,3,2
50980,Broome,2016,11,63,8,57,5,51,5,24,25,72,11,12,18,51,12,16,16,41,16,14,10,16,15,9,6,11,5,7,3,0
51080,Broomehill-Tambellup,2016,0,0,0,0,0,0,0,0,0,4,0,0,0,3,0,0,0,0,0,0,0,0,0,0,0,0,0,0,2,5
51120,Bruce Rock,2016,0,0,0,0,0,0,0,0,0,0,0,0,0,0,0,0,0,0,0,0,0,0,0,0,0,0,0,0,1,1
51190,Bunbury,2016,17,25,27,22,26,22,26,15,41,69,12,9,32,80,17,19,14,54,13,14,8,28,7,8,3,15,0,0,6,9
51260,Busselton,2016,7,8,10,7,10,9,0,0,8,22,3,5,14,34,5,4,10,35,5,0,3,14,0,4,3,4,0,0,2,10
51310,Cambridge,2016,0,0,0,0,0,0,0,0,4,0,0,0,3,6,0,0,0,9,0,0,0,0,0,0,0,0,0,0,10,14
51330,Canning,2016,21,17,16,27,17,9,15,11,29,30,12,9,23,32,10,14,11,13,8,7,0,9,0,3,0,4,0,3,3,2
51400,Capel,2016,0,3,0,4,3,3,0,0,6,11,0,0,0,18,0,0,0,22,0,0,0,8,0,0,0,3,0,0,9,6
51470,Carnamah,2016,0,0,0,0,0,0,0,0,0,0,0,0,0,0,0,0,0,0,0,0,0,0,0,0,0,0,0,0,4,1
51540,Carnarvon,2016,4,9,3,4,4,10,0,4,0,22,0,0,0,24,0,0,5,20,0,0,0,3,0,7,0,6,0,4,5,8
51610,Chapman Valley,2016,0,0,0,0,0,0,0,0,0,0,0,0,0,0,0,0,0,0,0,0,0,0,0,0,0,0,0,0,5,1
51680,Chittering,2016,0,0,0,0,0,0,0,0,0,0,0,0,0,0,0,0,0,0,0,0,0,0,0,0,0,0,0,0,3,0
51750,Claremont,2016,0,0,0,0,0,0,0,0,0,0,0,0,0,3,0,0,0,0,0,0,0,0,0,0,0,0,0,0,5,7
51820,Cockburn,2016,18,43,11,48,26,33,17,15,41,52,13,13,26,73,19,41,13,54,17,38,13,38,10,40,3,17,0,29,0,4
51890,Collie,2016,5,0,8,0,0,0,0,0,4,11,0,0,3,8,0,0,0,7,3,0,0,3,0,0,0,0,0,0,12,9
51960,Coolgardie,2016,0,0,0,6,3,6,0,4,0,0,0,0,0,4,0,0,0,4,0,0,0,0,0,0,0,0,0,0,8,7
52030,Coorow,2016,0,0,0,0,0,0,0,0,0,0,0,0,0,0,0,0,0,0,0,0,0,0,0,0,0,0,0,0,1,0
52100,Corrigin,2016,0,0,0,0,0,0,0,0,0,0,0,0,0,0,0,0,0,0,0,0,0,0,0,0,0,0,0,0,6,1
52170,Cottesloe,2016,0,0,0,0,0,0,0,0,0,0,0,0,0,0,0,0,0,0,0,0,0,0,0,0,0,0,0,0,1,1
52240,Cranbrook,2016,0,0,0,0,0,0,0,0,0,0,0,0,0,0,0,0,0,0,0,0,0,0,0,0,0,0,0,0,5,3
52310,Cuballing,2016,0,0,0,0,0,0,0,0,0,0,0,0,0,0,0,0,0,0,0,0,0,0,0,0,0,0,0,0,2,2
52380,Cue,2016,0,0,0,0,0,0,0,0,0,0,0,0,0,0,0,0,0,0,0,0,0,0,0,0,0,0,0,0,3,0
52450,Cunderdin,2016,0,0,0,0,0,0,0,0,0,0,0,0,0,0,0,0,0,0,0,0,0,0,0,0,0,0,0,0,8,1
52520,Dalwallinu,2016,0,0,0,0,0,0,0,0,0,0,0,0,0,0,0,0,0,0,0,0,0,0,0,0,0,0,0,0,8,1
52590,Dandaragan,2016,0,0,0,0,0,0,0,0,0,0,0,0,3,0,0,0,0,0,0,0,0,0,0,0,0,0,0,0,3,2
52660,Dardanup,2016,4,0,0,0,0,0,0,4,0,10,4,0,0,10,0,0,0,10,0,0,0,5,0,0,0,3,0,0,12,4
52730,Denmark,2016,0,0,0,0,0,0,0,0,0,0,0,0,0,3,0,0,0,3,0,0,0,0,0,0,0,0,0,0,8,3
52800,Derby-West Kimberley,2016,22,209,17,192,27,102,12,39,19,169,3,50,12,130,5,40,9,115,0,26,3,63,0,30,0,30,0,16,0,4
52870,Donnybrook-Balingup,2016,0,0,0,0,0,0,0,0,0,0,0,0,0,6,0,0,0,3,0,0,0,6,0,0,0,0,0,0,13,4
52940,Dowerin,2016,0,0,0,0,0,0,0,0,0,0,0,0,0,0,0,0,0,0,0,0,0,0,0,0,0,0,0,0,5,1
53080,Dundas,2016,0,0,0,0,0,0,0,0,0,0,0,0,0,0,0,0,0,0,0,0,0,0,0,0,0,0,0,0,2,3
53150,East Fremantle,2016,0,0,0,0,3,0,0,0,0,0,0,3,0,5,0,6,0,4,0,6,0,0,0,4,0,0,0,0,5,9
53220,East Pilbara,2016,3,11,6,13,6,17,0,5,13,26,3,5,8,29,0,4,11,14,4,10,7,8,0,0,0,0,0,0,3,5
53290,Esperance,2016,6,0,8,5,9,7,8,4,6,4,9,3,6,11,6,0,5,6,6,0,0,0,3,0,0,0,0,0,12,6
53360,Exmouth,2016,0,0,0,0,0,0,0,0,0,0,0,0,0,0,0,0,0,0,0,0,0,0,0,0,0,0,0,0,5,1
53430,Fremantle,2016,12,6,6,0,9,11,9,4,28,24,38,21,44,13,101,31,40,37,126,43,15,37,82,65,4,23,23,28,1,2
53570,Gingin,2016,0,0,0,0,0,0,0,0,0,0,0,0,0,0,0,0,0,0,0,0,0,0,0,0,0,0,0,0,3,3
53640,Gnowangerup,2016,0,0,0,0,0,0,0,0,0,0,0,0,0,0,0,0,0,0,0,0,0,0,0,0,0,0,0,0,5,3
53710,Goomalling,2016,0,0,0,0,0,0,0,0,0,0,0,0,0,0,0,0,0,0,0,0,0,0,0,0,0,0,0,0,3,2
53780,Gosnells,2016,44,50,40,41,38,41,25,33,76,60,16,16,42,84,21,23,21,42,8,11,8,17,6,6,0,8,4,6,3,2
53800,Greater Geraldton,2016,30,34,28,29,46,36,19,18,41,81,20,15,42,62,24,8,30,44,23,15,4,13,10,3,5,4,0,5,1,2
53920,Halls Creek,2016,3,45,0,52,0,27,4,5,0,47,0,3,0,37,0,3,0,18,0,0,0,11,0,4,0,4,0,0,11,5
53990,Harvey,2016,6,4,6,5,8,8,3,4,8,15,4,0,4,36,0,3,0,13,3,0,0,9,0,0,0,3,0,0,7,11
54060,Irwin,2016,0,0,0,0,0,0,0,0,0,0,0,0,0,0,0,0,0,0,0,0,0,0,0,0,0,0,0,0,2,6
54130,Jerramungup,2016,0,0,0,0,0,0,0,0,0,0,0,0,0,0,0,0,0,0,0,0,0,0,0,0,0,0,0,0,4,1
54170,Joondalup,2016,11,13,18,9,12,16,16,15,15,22,15,12,23,34,12,6,13,29,6,11,3,7,3,6,0,3,0,0,5,5
54200,Kalamunda,2016,3,5,14,7,5,6,5,7,14,9,4,0,6,16,0,0,8,7,5,5,0,0,0,0,0,3,0,0,4,5
54280,Kalgoorlie/Boulder,2016,23,17,8,39,14,27,16,26,29,40,13,13,38,61,20,12,31,21,36,9,23,11,10,8,7,4,5,0,2,8
54310,Karratha,2016,28,20,23,20,15,27,9,26,27,25,3,4,28,16,0,3,10,17,3,0,0,7,0,0,3,0,0,0,5,6
54340,Katanning,2016,4,14,5,11,10,9,5,3,0,14,0,0,7,7,0,0,0,9,5,0,0,0,0,0,0,3,0,0,4,8
54410,Kellerberrin,2016,0,0,0,0,0,0,0,0,0,0,0,0,0,0,0,0,0,0,0,0,0,0,0,0,0,0,0,0,3,2
54480,Kent,2016,0,0,0,0,0,0,0,0,0,0,0,0,0,0,0,0,0,0,0,0,0,0,0,0,0,0,0,0,2,1
54550,Kojonup,2016,0,0,0,0,0,0,0,0,0,0,0,0,0,0,0,0,0,0,0,0,0,0,0,0,0,0,0,0,8,3
54620,Kondinin,2016,0,0,0,0,0,0,0,0,0,0,0,0,0,0,0,0,0,0,0,0,0,0,0,0,0,0,0,0,2,1
54690,Koorda,2016,0,0,0,0,0,0,0,0,0,0,0,0,0,0,0,0,0,0,0,0,0,0,0,0,0,0,0,0,2,1
54760,Kulin,2016,0,0,0,0,0,0,0,0,0,0,0,0,0,0,0,0,0,0,0,0,0,0,0,0,0,0,0,0,3,1
54830,Kwinana,2016,17,24,10,24,15,36,14,30,19,19,5,8,8,36,11,4,4,18,4,0,0,4,0,0,0,0,0,0,2,7
54900,Lake Grace,2016,0,0,0,0,0,0,0,0,0,0,0,0,0,0,0,0,0,0,0,0,0,0,0,0,0,0,0,0,2,2
54970,Laverton,2016,5,0,5,0,4,0,0,0,4,3,8,0,10,0,6,0,12,0,10,0,3,0,0,0,0,0,0,0,5,7
55040,Leonora,2016,3,0,4,0,5,0,0,0,15,0,14,0,12,3,12,0,12,0,11,0,8,0,5,0,4,0,3,0,5,4
55110,Mandurah,2016,31,196,24,217,43,231,31,185,31,109,17,23,33,181,16,32,22,106,15,27,6,44,11,9,3,25,4,4,2,1
55180,Manjimup,2016,0,8,0,3,0,0,0,0,3,8,3,0,0,0,3,0,0,0,0,0,0,4,0,0,0,0,0,0,8,7
55250,Meekatharra,2016,0,0,0,0,0,3,0,0,0,3,0,0,0,0,0,0,0,3,0,0,0,0,0,0,0,0,0,0,11,9
55320,Melville,2016,16,23,16,24,16,13,3,13,13,26,11,13,21,27,0,23,7,28,4,27,7,20,3,17,0,12,0,10,2,5
55390,Menzies,2016,0,0,0,0,0,0,0,0,0,3,0,0,8,0,4,0,4,0,3,0,9,0,6,0,3,0,0,0,3,6
55460,Merredin,2016,0,0,0,0,0,0,0,0,0,0,0,0,0,5,0,0,0,0,0,0,0,0,0,0,0,0,0,0,6,5
55530,Mingenew,2016,0,0,0,0,0,0,0,0,0,0,0,0,0,0,0,0,0,0,0,0,0,0,0,0,0,0,0,0,1,0
55600,Moora,2016,0,0,5,6,0,3,0,0,0,0,0,0,0,5,0,0,0,4,0,0,0,0,0,0,0,0,0,0,5,1
55670,Morawa,2016,0,0,0,0,0,0,0,0,0,0,0,0,0,0,0,0,0,0,0,0,0,0,0,0,0,0,0,0,1,0
55740,Mosman Park,2016,0,0,0,0,0,0,0,0,0,0,0,0,0,0,0,8,0,3,3,5,0,5,0,5,0,0,0,5,9,6
55810,Mount Magnet,2016,0,0,0,0,0,0,0,0,0,0,0,0,0,0,0,0,0,0,0,0,0,0,0,0,0,0,0,0,9,2
55880,Mount Marshall,2016,0,0,0,0,0,0,0,0,0,0,0,0,0,0,0,0,0,0,0,0,0,0,0,0,0,0,0,0,1,0
55950,Mukinbudin,2016,0,0,0,0,0,0,0,0,0,0,0,0,0,0,0,0,0,0,0,0,0,0,0,0,0,0,0,0,1,1
56090,Mundaring,2016,8,7,3,5,5,5,10,5,5,7,3,5,14,8,5,10,4,8,5,17,0,0,0,5,0,0,0,0,3,7
56160,Murchison,2016,0,0,0,0,0,0,0,0,0,0,0,0,0,0,0,0,0,0,0,0,0,0,0,0,0,0,0,0,0,2
56230,Murray,2016,5,35,4,29,7,63,10,36,9,23,0,4,3,24,0,4,5,28,0,10,0,5,0,0,0,6,0,0,4,10
56300,Nannup,2016,0,0,0,0,0,0,0,0,0,0,0,0,0,0,0,0,0,0,0,0,0,0,0,0,0,0,0,0,4,4
56370,Narembeen,2016,0,0,0,0,0,0,0,0,0,0,0,0,0,0,0,0,0,0,0,0,0,0,0,0,0,0,0,0,6,2
56460,Narrogin,2016,11,0,8,4,5,3,0,0,3,0,0,0,7,0,0,0,4,0,0,0,0,0,0,0,0,0,0,0,8,3
56580,Nedlands,2016,0,0,0,0,0,0,0,0,0,0,3,0,5,0,0,4,0,0,0,0,0,0,0,0,0,0,0,0,9,5
56620,Ngaanyatjarraku,2016,0,0,5,0,4,0,4,0,16,0,6,0,15,3,19,0,15,0,11,0,8,0,5,0,4,0,6,0,3,8
56730,Northam,2016,11,10,25,13,9,10,7,6,20,13,8,0,10,19,8,4,8,19,3,0,4,10,0,0,0,0,0,0,3,9
56790,Northampton,2016,0,0,0,0,0,0,0,0,0,0,0,0,0,3,0,0,0,0,0,0,0,0,0,0,0,3,0,0,9,3
56860,Nungarin,2016,0,0,0,0,0,0,0,0,0,0,0,0,0,0,0,0,0,0,0,0,0,0,0,0,0,0,0,0,0,3
56930,Peppermint Grove,2016,0,0,0,0,0,0,0,0,0,3,0,0,0,0,0,0,0,0,0,0,0,0,0,0,0,0,0,0,1,6
57000,Perenjori,2016,0,0,0,0,0,0,0,0,0,0,0,0,0,0,0,0,0,0,0,0,0,0,0,0,0,0,0,0,1,1
57080,Perth,2016,16,6,16,17,21,20,14,5,45,23,63,14,58,18,107,25,54,11,108,25,12,10,51,16,6,18,24,14,5,6
57140,Pingelly,2016,0,0,3,0,0,0,0,0,0,0,0,0,0,0,0,0,0,0,0,0,0,0,0,0,0,0,0,0,5,0
57210,Plantagenet,2016,0,0,0,0,0,3,0,0,0,0,0,0,5,0,0,0,0,0,0,0,0,0,0,0,0,0,0,0,10,3
57280,Port Hedland,2016,0,22,0,15,5,45,0,23,5,19,0,5,6,25,0,3,7,21,0,5,4,9,0,0,0,0,0,0,7,8
57350,Quairading,2016,0,0,0,0,0,0,0,0,0,0,0,0,0,0,0,0,0,0,0,0,0,0,0,0,0,0,0,0,6,2
57420,Ravensthorpe,2016,0,0,0,3,0,0,0,0,0,0,0,0,0,0,0,0,0,0,0,0,0,0,0,0,0,0,0,0,1,2
57490,Rockingham,2016,17,50,19,68,20,39,16,41,43,61,25,7,38,84,14,18,16,59,16,8,5,20,4,9,0,0,0,3,7,3
57630,Sandstone,2016,0,0,0,0,0,0,0,0,0,0,0,0,0,0,0,0,0,0,0,0,0,0,0,0,0,0,0,0,2,0
57700,Serpentine-Jarrahdale,2016,0,6,0,7,3,8,0,0,4,5,0,0,0,7,0,0,6,5,0,0,0,0,0,0,0,0,0,0,7,13
57840,South Perth,2016,13,7,5,0,5,9,3,0,6,6,4,3,11,6,4,3,6,10,0,3,0,5,4,0,0,0,0,0,1,10
57910,Stirling,2016,63,46,52,54,41,57,18,29,70,80,22,14,56,94,22,26,36,73,18,23,6,31,6,10,5,12,3,11,2,1
57980,Subiaco,2016,0,0,0,0,0,0,0,0,0,0,0,0,3,6,0,0,0,0,3,0,0,0,0,0,0,0,0,0,5,10
58050,Swan,2016,42,45,53,45,51,42,34,32,70,71,20,8,48,80,18,9,35,40,19,16,7,11,8,6,4,3,0,4,0,1
58260,Three Springs,2016,0,0,0,0,0,0,0,0,0,0,0,0,0,0,0,0,0,0,0,0,0,0,0,0,0,0,0,0,0,2
58330,Toodyay,2016,4,0,3,0,0,0,0,0,0,0,0,0,0,5,0,0,0,0,0,0,0,0,0,0,0,0,0,0,9,3
58400,Trayning,2016,0,0,0,0,0,0,0,0,0,0,0,0,0,0,0,0,0,0,0,0,0,0,0,0,0,0,0,0,1,0
58510,Victoria Park,2016,19,9,8,3,13,10,18,4,15,18,6,6,11,11,0,4,10,13,9,3,0,6,3,0,0,0,0,0,5,7
58540,Victoria Plains,2016,0,0,0,0,0,0,0,0,0,0,0,0,3,0,0,0,0,0,0,0,0,0,0,0,0,0,0,0,4,0
58570,Vincent,2016,9,0,12,7,14,10,8,3,29,16,35,12,33,14,63,20,35,13,51,14,13,8,30,10,0,6,10,11,10,3
58610,Wagin,2016,0,0,0,0,0,0,0,0,0,0,0,0,0,0,0,0,0,0,0,0,0,0,0,0,0,0,0,0,4,3
58680,Wandering,2016,0,0,0,0,0,0,0,0,0,0,0,0,0,0,0,0,0,0,0,0,0,0,0,0,0,0,0,0,1,0
58760,Wanneroo,2016,47,58,49,53,38,51,18,26,46,70,13,17,41,118,13,15,28,74,11,15,4,21,9,6,0,6,0,7,1,3
58820,Waroona,2016,0,0,4,0,5,0,0,0,0,0,0,0,4,0,0,0,0,5,0,0,0,0,0,0,0,0,0,0,12,10
58890,West Arthur,2016,0,0,0,0,0,0,0,0,0,0,0,0,0,0,0,0,0,0,0,0,0,0,0,0,0,0,0,0,2,3
59100,Wickepin,2016,0,0,0,0,0,0,0,0,0,0,0,0,0,0,0,0,0,0,0,0,0,0,0,0,0,0,0,0,1,0
59170,Williams,2016,0,0,0,0,0,0,0,0,0,0,0,0,0,0,0,0,0,0,0,0,0,0,0,0,0,0,0,0,6,1
59250,Wiluna,2016,0,0,0,0,0,4,0,0,0,0,0,0,0,0,0,0,0,0,0,0,0,0,0,0,0,0,0,0,4,5
59310,Wongan-Ballidu,2016,0,0,0,0,0,0,0,0,0,0,0,0,0,0,0,0,0,0,0,0,0,0,0,0,0,0,0,0,3,1
59320,Woodanilling,2016,0,0,0,0,0,0,0,0,0,0,0,0,0,3,0,0,0,0,0,0,0,0,0,0,0,0,0,0,7,1
59330,Wyalkatchem,2016,0,0,0,0,0,0,0,0,0,0,0,0,0,0,0,0,0,0,0,0,0,0,0,0,0,0,0,0,2,0
59340,Wyndham-East Kimberley,2016,18,57,18,66,10,45,0,11,20,66,3,7,20,37,0,5,9,34,0,3,3,3,0,3,0,11,0,0,3,2
59350,Yalgoo,2016,0,0,0,0,0,0,0,0,0,0,0,0,0,0,0,0,0,0,0,0,0,0,0,0,0,0,0,0,6,8
59360,Yilgarn,2016,0,0,0,0,0,0,0,0,0,0,0,0,0,0,0,0,0,0,0,0,0,0,0,0,0,0,0,0,2,1
59370,York,2016,0,0,0,0,0,0,0,0,0,0,0,0,0,6,0,0,0,3,0,0,0,3,0,0,0,0,0,0,6,6
60210,Break O'Day,2016,6,0,4,0,6,3,0,0,3,5,0,0,3,0,4,0,0,0,0,0,0,0,0,0,0,0,0,0,7,10
60410,Brighton,2016,23,42,21,47,23,28,14,21,19,17,13,8,13,24,10,7,6,11,6,4,0,0,3,0,0,4,0,0,5,6
60610,Burnie,2016,9,8,13,15,35,21,32,6,14,22,22,8,11,17,16,12,8,16,22,11,4,8,10,3,0,0,7,3,3,2
60810,Central Coast,2016,3,7,6,8,10,9,9,6,3,10,7,0,9,8,7,6,5,8,5,0,4,3,0,6,0,0,0,5,4,6
61010,Central Highlands,2016,3,0,0,0,0,0,0,0,0,0,0,0,0,0,0,0,0,0,0,0,0,0,0,0,0,0,0,0,6,4
61210,Circular Head,2016,0,7,0,0,6,0,0,0,0,10,4,0,0,6,3,7,0,5,0,0,0,0,0,3,0,4,0,3,7,8
61410,Clarence,2016,31,39,31,43,34,45,29,30,37,36,30,28,32,40,33,35,13,28,19,26,10,17,14,16,0,8,7,10,4,1
61510,Derwent Valley,2016,6,11,8,9,10,5,7,9,7,5,9,3,6,13,6,7,6,3,7,0,0,5,3,0,0,0,0,0,9,9
61610,Devonport,2016,34,18,24,19,34,25,25,14,34,21,18,5,16,15,24,5,13,11,15,11,3,5,4,6,4,0,0,0,3,1
61810,Dorset,2016,0,9,4,7,4,5,8,6,3,3,6,0,0,3,0,0,3,5,0,0,0,0,0,0,0,0,0,0,7,4
62010,Flinders,2016,0,0,0,0,0,0,0,0,0,0,0,0,0,0,0,0,0,0,0,0,0,0,0,0,0,0,0,0,1,4
62210,George Town,2016,4,15,9,23,8,9,9,12,8,13,5,4,8,15,7,7,5,11,4,8,0,5,0,0,0,5,0,5,3,4
62410,Glamorgan/Spring Bay,2016,0,0,0,0,0,0,0,0,0,0,0,0,0,0,0,0,0,0,0,0,0,0,0,0,0,0,0,0,8,12
62610,Glenorchy,2016,65,86,45,80,64,69,46,63,73,61,41,24,36,61,30,31,30,38,29,24,8,15,10,22,0,15,5,16,5,1
62810,Hobart,2016,12,32,24,42,46,35,48,29,30,26,51,32,25,36,71,29,18,17,49,32,14,17,25,22,6,8,15,12,2,2
63010,Huon Valley,2016,0,5,0,6,5,11,0,12,3,10,5,6,0,12,3,4,0,8,5,7,0,0,0,0,0,3,0,3,14,10
63210,Kentish,2016,5,0,3,0,0,0,3,0,4,0,0,0,3,0,0,0,0,0,0,0,0,0,0,0,0,0,0,0,6,6
63410,King Island,2016,0,0,0,0,0,0,0,0,0,0,0,0,0,0,0,0,0,0,0,0,0,0,0,0,0,0,0,0,0,1
63610,Kingborough,2016,15,14,16,8,21,19,11,21,10,9,8,5,14,12,8,0,5,13,8,0,5,0,3,0,0,4,3,0,3,9
63810,Latrobe,2016,6,0,5,4,3,0,0,0,3,0,3,0,0,4,3,0,0,0,6,0,0,0,0,0,0,0,0,0,11,5
64010,Launceston,2016,70,106,67,101,97,82,88,84,88,92,88,68,60,68,65,49,38,54,52,53,12,50,27,31,5,23,10,22,4,1
64210,Meander Valley,2016,5,7,12,11,6,7,6,12,5,9,6,4,5,4,4,7,3,8,6,0,0,6,0,0,0,0,0,3,5,4
64610,Northern Midlands,2016,3,12,4,17,7,11,4,13,4,4,9,4,3,9,3,7,4,7,4,6,0,4,0,4,0,5,0,5,2,5
64810,Sorell,2016,7,3,4,7,7,11,3,8,11,8,4,0,6,6,7,3,0,7,4,6,0,0,0,4,0,0,0,0,9,6
65010,Southern Midlands,2016,0,7,0,7,0,3,0,0,0,3,0,0,0,0,0,0,0,0,4,0,0,0,0,0,0,0,0,0,10,12
65210,Tasman,2016,0,0,0,0,0,3,0,4,0,0,0,0,0,0,0,0,0,0,0,0,0,0,0,0,0,0,0,0,6,12
65410,Waratah/Wynyard,2016,11,7,7,5,16,4,7,0,8,9,6,4,4,5,4,0,3,4,0,0,0,5,0,3,0,3,0,0,2,6
65610,West Coast,2016,0,0,4,0,4,0,0,0,4,0,0,0,0,3,0,0,0,3,0,0,0,0,0,0,0,0,0,0,6,7
65810,West Tamar,2016,11,13,8,15,13,16,14,9,7,13,8,5,7,17,9,4,3,14,5,7,0,0,0,4,0,4,0,0,7,5
70200,Alice Springs,2016,38,123,46,156,40,161,39,79,57,182,38,52,45,190,34,59,21,123,25,65,26,74,20,35,7,47,6,26,0,2
70420,Barkly,2016,35,53,42,53,29,56,13,32,65,41,36,4,48,51,34,7,31,39,27,0,16,17,7,3,3,13,0,8,2,3
70540,Belyuen,2016,0,0,0,0,0,0,0,0,0,0,0,0,0,0,0,0,0,0,0,0,0,0,0,0,0,0,0,0,1,1
70620,Central Desert,2016,3,28,5,29,3,26,0,3,0,45,0,0,4,26,3,0,0,10,0,0,3,0,0,0,0,0,0,0,7,6
70700,Coomalie,2016,0,0,0,0,0,0,0,0,0,0,0,0,0,0,0,0,0,0,0,0,0,0,0,0,0,0,0,0,12,7
71000,Darwin,2016,43,110,43,129,79,128,55,94,57,97,21,35,64,115,32,42,49,99,46,38,28,53,34,31,8,30,21,26,0,3
71300,East Arnhem,2016,0,22,6,16,4,12,6,0,4,14,0,0,8,29,0,0,4,11,0,0,3,8,0,0,0,8,0,0,4,4
72200,Katherine,2016,28,94,26,95,27,83,17,69,26,76,13,36,23,82,17,35,19,65,31,38,10,33,20,31,6,16,9,18,3,4
72300,Litchfield,2016,0,13,9,18,14,10,6,10,0,27,3,31,9,21,4,24,5,9,4,19,3,3,5,13,0,3,0,7,8,2
72330,MacDonnell,2016,0,35,0,37,0,24,0,6,4,54,7,0,0,43,0,0,0,13,4,0,4,6,0,0,0,3,0,0,11,10
72800,Palmerston,2016,21,70,25,70,25,84,15,67,37,74,8,24,25,69,7,13,13,33,3,15,4,20,0,9,0,14,0,13,5,5
73600,Roper Gulf,2016,4,20,4,23,5,21,0,9,3,27,0,3,3,34,0,0,5,16,3,0,3,11,0,4,0,7,0,4,4,12
74050,Tiwi Islands,2016,0,7,0,4,0,18,0,3,0,11,0,0,0,7,0,0,0,11,0,0,0,4,0,0,0,3,0,0,4,3
74550,Victoria Daly,2016,0,11,0,19,0,10,0,6,0,7,0,0,0,12,0,0,0,3,0,0,0,5,0,0,0,4,0,0,5,7
74560,Wagait,2016,0,0,0,0,0,0,0,0,0,0,0,0,0,0,0,0,0,0,0,0,0,0,0,0,0,0,0,0,4,1
74660,West Arnhem,2016,3,27,0,27,0,24,0,6,4,31,0,0,0,19,0,0,0,13,0,0,0,5,0,0,0,3,0,0,5,7
74680,West Daly,2016,11,35,7,31,4,42,0,0,6,50,0,0,8,35,0,0,0,24,0,0,0,19,0,0,0,10,0,0,8,7
79399,Unincorporated NT,2016,4,9,4,14,0,13,3,0,3,19,3,0,6,13,0,0,7,16,3,0,4,10,0,0,3,4,0,0,4,12
89399,Unincorporated ACT,2016,166,130,159,159,163,172,105,116,162,264,89,108,106,262,63,128,63,149,72,116,20,74,18,73,6,40,12,50,3,1
99399,Unincorp. Other Territories,2016,0,0,0,0,0,0,0,0,0,0,0,0,0,0,0,0,0,0,0,0,0,0,0,0,0,0,0,0,4,2